2,2,2,2,2,2,2,2,2,2,2,2,2,2,2,2,2,2,2,2
2,28,28,28,28,28,28,28,28,28,28,28,28,28,28,28,28,28,28,2
2,28,28,28,28,28,28,28,28,28,28,28,28,28,28,28,28,28,28,2
2,28,28,28,28,28,28,28,28,28,28,28,28,28,28,28,28,28,28,2
2,28,28,28,28,28,28,28,28,28,28,28,28,28,28,28,28,28,28,2
2,28,28,28,28,28,28,28,28,28,28,28,28,28,28,28,28,28,28,2
2,28,28,28,28,28,28,28,28,28,28,28,28,28,28,28,28,28,28,2
2,28,28,28,28,28,28,28,28,28,28,28,28,28,28,28,28,28,28,2
2,28,28,28,28,28,28,28,28,28,28,28,28,28,28,28,28,28,28,2
2,28,28,28,28,28,28,28,28,28,28,28,28,28,28,28,28,28,28,2
2,28,28,28,28,28,28,28,28,28,28,28,28,28,28,28,28,28,28,2
<<<<<<< HEAD
=======
2,28,28,28,28,28,28,28,28,28,28,28,28,28,28,28,28,28,28,2
2,28,28,28,28,28,28,28,28,28,28,28,28,28,28,28,28,28,28,2
2,28,28,28,28,28,28,28,28,28,28,28,28,28,28,28,28,28,28,2
2,28,28,28,28,28,28,28,28,28,28,28,28,28,28,28,28,28,28,2
2,28,28,28,28,28,28,28,28,28,28,28,28,28,28,28,28,28,28,2
2,28,28,28,28,28,28,28,28,28,28,28,28,28,28,28,28,28,28,2
2,28,28,28,28,28,28,28,28,28,28,28,28,28,28,28,28,28,28,2
2,28,28,28,28,28,28,28,28,28,28,28,28,28,28,28,28,28,28,2
>>>>>>> major overhaul to Rhythm Baseball
2,2,2,2,2,2,2,2,2,2,2,2,2,2,2,2,2,2,2,2
